<?xml version="1.0" encoding="UTF-8"?>
<project-private xmlns="http://www.netbeans.org/ns/project-private/1">
    <editor-bookmarks xmlns="http://www.netbeans.org/ns/editor-bookmarks/2" lastBookmarkId="0"/>
    <open-files xmlns="http://www.netbeans.org/ns/projectui-open-files/2">
        <group>
            <file>file:/C:/Users/Alejandro%20Penagos/Desktop/Alejandro/5.%20Universidad%20Distrital%20Francisco%20Jose%20De%20Caldas/3.%20Tercer%20Semestre/3.%20Programación%20Avanzada/Taller%20Número%201/TallerNo1/src/Controlador/Launcher.java</file>
            <file>file:/C:/Users/Alejandro%20Penagos/Desktop/Alejandro/5.%20Universidad%20Distrital%20Francisco%20Jose%20De%20Caldas/3.%20Tercer%20Semestre/3.%20Programación%20Avanzada/Taller%20Número%201/TallerNo1/src/Controlador/Control.java</file>
            <file>file:/C:/Users/Alejandro%20Penagos/Desktop/Alejandro/5.%20Universidad%20Distrital%20Francisco%20Jose%20De%20Caldas/3.%20Tercer%20Semestre/3.%20Programación%20Avanzada/Taller%20Número%201/TallerNo1/src/Vista/Interfaz.java</file>
        </group>
    </open-files>
</project-private>
